{
    "system_om_per_kw": {
        "solar": {
            "res": 28.70144965,
            "com": 17.96333631,
            "ind": 17.96333631
        },
        "wind": {
            "2.5": 38.785068,
            "5.0": 38.785068,
            "10.0": 38.785068,
            "20.0": 38.785068,
            "50.0": 38.785068,
            "100.0": 38.785068,
            "250.0": 38.785068,
            "500.0": 38.785068,
            "750.0": 38.785068,
            "1000.0": 38.785068,
            "1500.0": 38.785068
        }
    },
    "system_variable_om_per_kw": {
        "solar": 0.0,
        "wind": 0.0
    },
    "system_capex_per_kw": {
        "solar": {
            "res": 2518.968052,
            "com": 1744.249795,
            "ind": 1744.249795
        },
        "wind": {
            "2.5": 6361.316924,
            "5.0": 6361.316924,
            "10.0": 6361.316924,
            "20.0": 6361.316924,
            "50.0": 5767.0,
            "100.0": 4777.0,
            "250.0": 4347.0,
            "500.0": 3632.0,
            "750.0": 3097.0,
            "1000.0": 2835.0,
            "1500.0": 2310.0
        }
    },
    "cap_cost_multiplier": {
        "solar": 1.05,
        "wind": 1.05
    }
}
