{
    "BTM": {
        "system_om_per_kw": {
            "solar": {
                "res": 18.72036835,
                "com": 12.85908666,
                "ind": 12.85908666
            },
            "wind": {
                "2.5": 36.806238,
                "5.0": 36.806238,
                "10.0": 36.806238,
                "20.0": 36.806238,
                "50.0": 36.806238,
                "100.0": 36.806238,
                "250.0": 36.806238,
                "500.0": 36.806238,
                "750.0": 36.806238,
                "1000.0": 36.806238,
                "1500.0": 36.806238
            }
        },
        "system_variable_om_per_kw": {
            "solar": 0.0,
            "wind": 0.0
        },
        "system_capex_per_kw": {
            "solar": {
                "res": 1537.947925,
                "com": 1135.977058,
                "ind": 1135.977058
            },
            "wind": {
                "2.5": 2605.19153,
                "5.0": 2605.19153,
                "10.0": 2605.19153,
                "20.0": 2605.19153,
                "50.0": 2074.470455,
                "100.0": 2074.470455,
                "250.0": 1964.996963,
                "500.0": 1964.996963,
                "750.0": 1964.996963,
                "1000.0": 1809.661208,
                "1500.0": 1809.661208
            }
        },
        "cap_cost_multiplier": {
            "solar": 1.05,
            "wind": 1.05
        }
    },
    "FOM": {
        "system_om_per_kw": {
            "solar": 14.26264738,
            "wind": 27.25866277
        },
        "system_variable_om_per_kw": {
            "solar": 0.0,
            "wind": 0.0
        },
        "system_capex_per_kw": {
            "solar": 824.512881,
            "wind": 1261.430712
        }
    }
}