{
    "BTM": {
        "system_om_per_kw": {
            "solar": {
                "res": 20.39847062,
                "com": 13.7266081,
                "ind": 13.7266081
            },
            "wind": {
                "2.5": 37.399887,
                "5.0": 37.399887,
                "10.0": 37.399887,
                "20.0": 37.399887,
                "50.0": 37.399887,
                "100.0": 37.399887,
                "250.0": 37.399887,
                "500.0": 37.399887,
                "750.0": 37.399887,
                "1000.0": 37.399887,
                "1500.0": 37.399887
            }
        },
        "system_variable_om_per_kw": {
            "solar": 0.0,
            "wind": 0.0
        },
        "system_capex_per_kw": {
            "solar": {
                "res": 1702.885175,
                "com": 1239.35947,
                "ind": 1239.35947
            },
            "wind": {
                "2.5": 3191.983844,
                "5.0": 3191.983844,
                "10.0": 3191.983844,
                "20.0": 3191.983844,
                "50.0": 2515.532123,
                "100.0": 2515.532123,
                "250.0": 2168.318866,
                "500.0": 2168.318866,
                "750.0": 2168.318866,
                "1000.0": 1909.093142,
                "1500.0": 1909.093142
            }
        },
        "cap_cost_multiplier": {
            "solar": 1.05,
            "wind": 1.05
        }
    },
    "FOM": {
        "system_om_per_kw": {
            "solar": 15.02167633,
            "wind": 28.26121796
        },
        "system_variable_om_per_kw": {
            "solar": 0.0,
            "wind": 0.0
        },
        "system_capex_per_kw": {
            "solar": 895.3211436,
            "wind": 1334.691968
        }
    }
}